pictureId,attractionId,imageUrl
39,9139996,https://awsm-hr.s3.us-east-2.amazonaws.com/showcaseImages/images/image130.jpg
38,3359662,https://awsm-hr.s3.us-east-2.amazonaws.com/showcaseImages/images/image609.jpg
37,9106336,https://awsm-hr.s3.us-east-2.amazonaws.com/showcaseImages/images/image840.jpg
36,3415181,https://awsm-hr.s3.us-east-2.amazonaws.com/showcaseImages/images/image365.jpg
35,4334261,https://awsm-hr.s3.us-east-2.amazonaws.com/showcaseImages/images/image957.jpg
34,994959,https://awsm-hr.s3.us-east-2.amazonaws.com/showcaseImages/images/image431.jpg
33,494753,https://awsm-hr.s3.us-east-2.amazonaws.com/showcaseImages/images/image881.jpg
32,1443502,https://awsm-hr.s3.us-east-2.amazonaws.com/showcaseImages/images/image236.jpg
31,3750731,https://awsm-hr.s3.us-east-2.amazonaws.com/showcaseImages/images/image387.jpg
30,6315558,https://awsm-hr.s3.us-east-2.amazonaws.com/showcaseImages/images/image238.jpg
29,9849931,https://awsm-hr.s3.us-east-2.amazonaws.com/showcaseImages/images/image800.jpg
28,7248450,https://awsm-hr.s3.us-east-2.amazonaws.com/showcaseImages/images/image601.jpg
27,8674454,https://awsm-hr.s3.us-east-2.amazonaws.com/showcaseImages/images/image587.jpg
26,547716,https://awsm-hr.s3.us-east-2.amazonaws.com/showcaseImages/images/image272.jpg
25,3117526,https://awsm-hr.s3.us-east-2.amazonaws.com/showcaseImages/images/image511.jpg
24,3496598,https://awsm-hr.s3.us-east-2.amazonaws.com/showcaseImages/images/image518.jpg
23,9797699,https://awsm-hr.s3.us-east-2.amazonaws.com/showcaseImages/images/image724.jpg
22,4372543,https://awsm-hr.s3.us-east-2.amazonaws.com/showcaseImages/images/image368.jpg
21,9804031,https://awsm-hr.s3.us-east-2.amazonaws.com/showcaseImages/images/image679.jpg
20,6961038,https://awsm-hr.s3.us-east-2.amazonaws.com/showcaseImages/images/image395.jpg
19,4135542,https://awsm-hr.s3.us-east-2.amazonaws.com/showcaseImages/images/image464.jpg
18,5860448,https://awsm-hr.s3.us-east-2.amazonaws.com/showcaseImages/images/image296.jpg
17,9357110,https://awsm-hr.s3.us-east-2.amazonaws.com/showcaseImages/images/image186.jpg
16,6932210,https://awsm-hr.s3.us-east-2.amazonaws.com/showcaseImages/images/image768.jpg
15,8419771,https://awsm-hr.s3.us-east-2.amazonaws.com/showcaseImages/images/image41.jpg
14,800972,https://awsm-hr.s3.us-east-2.amazonaws.com/showcaseImages/images/image471.jpg
13,7899402,https://awsm-hr.s3.us-east-2.amazonaws.com/showcaseImages/images/image720.jpg
12,8169912,https://awsm-hr.s3.us-east-2.amazonaws.com/showcaseImages/images/image998.jpg
11,5004226,https://awsm-hr.s3.us-east-2.amazonaws.com/showcaseImages/images/image927.jpg
10,617286,https://awsm-hr.s3.us-east-2.amazonaws.com/showcaseImages/images/image87.jpg
